-- phpMyAdmin SQL Dump
-- version 5.2.1
-- https://www.phpmyadmin.net/
--
-- Host: 127.0.0.1
-- Generation Time: Feb 20, 2024 at 02:47 PM
-- Server version: 10.4.32-MariaDB
-- PHP Version: 8.2.12

SET SQL_MODE = "NO_AUTO_VALUE_ON_ZERO";
START TRANSACTION;
SET time_zone = "+00:00";


/*!40101 SET @OLD_CHARACTER_SET_CLIENT=@@CHARACTER_SET_CLIENT */;
/*!40101 SET @OLD_CHARACTER_SET_RESULTS=@@CHARACTER_SET_RESULTS */;
/*!40101 SET @OLD_COLLATION_CONNECTION=@@COLLATION_CONNECTION */;
/*!40101 SET NAMES utf8mb4 */;

--
-- Database: `bookstore`
--

-- --------------------------------------------------------

--
-- Table structure for table `book`
--

CREATE TABLE `book` (
  `BookID` varchar(5) NOT NULL,
  `BookName` varchar(50) NOT NULL,
  `TypeID` char(3) NOT NULL,
  `StatusID` char(2) NOT NULL,
  `Publish` varchar(20) DEFAULT NULL,
  `UnitPrice` int(4) NOT NULL,
  `UnitRent` int(2) NOT NULL,
  `DayAmount` int(2) DEFAULT NULL,
  `Picture` varchar(30) DEFAULT NULL,
  `BookDate` date NOT NULL
) ENGINE=InnoDB DEFAULT CHARSET=utf8mb4 COLLATE=utf8mb4_general_ci;

--
-- Dumping data for table `book`
--

INSERT INTO `book` (`BookID`, `BookName`, `TypeID`, `StatusID`, `Publish`, `UnitPrice`, `UnitRent`, `DayAmount`, `Picture`, `BookDate`) VALUES
('00002', 'zero', '001', '01', 'phoenix', 250, 150, 20, '72.jpg', '2024-02-18'),
('00003', 'สิ่งมีชีวิต', '002', '01', 'YRP', 185, 3, 3, NULL, '2553-03-25'),
('00004', 'คู่สร้างคู่สม', '003', '01', 'DDR', 20, 1, 2, NULL, '2552-01-15'),
('00005', 'Konan', '001', '02', 'Kpn', 80, 2, 2, NULL, '2554-04-08'),
('00007', 'ssen', '001', '01', 'phoenix', 250, 150, 20, '72.jpg', '2024-02-18'),
('00008', 'dddd', '001', '01', 'phoenix', 250, 150, 20, '72.jpg', '2024-02-18');

-- --------------------------------------------------------

--
-- Table structure for table `customer`
--

CREATE TABLE `customer` (
  `CustomerID` varchar(4) NOT NULL,
  `CustomerName` varchar(30) NOT NULL,
  `CustomerSername` varchar(30) NOT NULL,
  `CustomerAddr` varchar(60) NOT NULL,
  `CustomerPhone` varchar(10) NOT NULL
) ENGINE=InnoDB DEFAULT CHARSET=utf8mb4 COLLATE=utf8mb4_general_ci;

-- --------------------------------------------------------

--
-- Table structure for table `statusbook`
--

CREATE TABLE `statusbook` (
  `StatusID` char(2) NOT NULL,
  `StatusName` varchar(20) NOT NULL
) ENGINE=InnoDB DEFAULT CHARSET=utf8mb4 COLLATE=utf8mb4_general_ci;

--
-- Dumping data for table `statusbook`
--

INSERT INTO `statusbook` (`StatusID`, `StatusName`) VALUES
('01', 'ปกติ'),
('02', 'ชำรุด'),
('03', 'ส่งซ่อม');

-- --------------------------------------------------------

--
-- Table structure for table `typebook`
--

CREATE TABLE `typebook` (
  `TypeID` char(3) NOT NULL,
  `TypeName` varchar(50) NOT NULL
) ENGINE=InnoDB DEFAULT CHARSET=utf8mb4 COLLATE=utf8mb4_general_ci;

--
-- Dumping data for table `typebook`
--

INSERT INTO `typebook` (`TypeID`, `TypeName`) VALUES
('001', 'การ์ตูน'),
('002', 'นิยาย'),
('003', 'นิตยสาร');

--
-- Indexes for dumped tables
--

--
-- Indexes for table `book`
--
ALTER TABLE `book`
  ADD PRIMARY KEY (`BookID`);

--
-- Indexes for table `customer`
--
ALTER TABLE `customer`
  ADD PRIMARY KEY (`CustomerID`);

--
-- Indexes for table `statusbook`
--
ALTER TABLE `statusbook`
  ADD PRIMARY KEY (`StatusID`);

--
-- Indexes for table `typebook`
--
ALTER TABLE `typebook`
  ADD PRIMARY KEY (`TypeID`);
COMMIT;

/*!40101 SET CHARACTER_SET_CLIENT=@OLD_CHARACTER_SET_CLIENT */;
/*!40101 SET CHARACTER_SET_RESULTS=@OLD_CHARACTER_SET_RESULTS */;
/*!40101 SET COLLATION_CONNECTION=@OLD_COLLATION_CONNECTION */;
